{"minzoom":0,"maxzoom":9,"center":[54.492188,17.64371,9.0],"bounds":[52.0,16.650396,59.838962,26.507491]}