{"minzoom":0,"maxzoom":8,"center":[54.140625,17.307462,8.0],"bounds":[52.0,16.650396,59.838962,26.507491]}